u,S(u),delta,T(u),delta
5000,-3470.0,45.5,-0.818,0.009
4980,-3424.5,45.6,-0.809,0.009
4960,-3378.9,45.7,-0.800,0.009
4940,-3333.2,45.8,-0.791,0.010
4920,-3287.4,46.0,-0.781,0.009
4900,-3241.4,46.0,-0.772,0.010
4880,-3195.4,46.1,-0.762,0.009
4860,-3149.3,46.2,-0.753,0.010
4840,-3103.1,46.3,-0.743,0.009
4820,-3056.8,46.5,-0.734,0.010
4800,-3010.3,46.5,-0.724,0.010
4780,-2963.8,46.6,-0.714,0.009
4760,-2917.2,46.8,-0.705,0.010
4740,-2870.4,46.8,-0.695,0.010
4720,-2823.6,47.0,-0.685,0.010
4700,-2776.6,47.1,-0.675,0.010
4680,-2729.5,47.2,-0.665,0.010
4660,-2682.3,47.3,-0.655,0.010
4640,-2635.0,47.4,-0.645,0.011
4620,-2587.6,47.5,-0.634,0.010
4600,-2540.1,47.7,-0.624,0.010
4580,-2492.4,47.7,-0.614,0.010
4560,-2444.7,47.9,-0.604,0.011
4540,-2396.8,47.9,-0.593,0.010
4520,-2348.9,48.2,-0.583,0.011
4500,-2300.7,48.2,-0.572,0.011
4480,-2252.5,48.4,-0.561,0.011
4460,-2204.1,48.4,-0.550,0.011
4440,-2155.7,48.6,-0.539,0.011
4420,-2107.1,48.7,-0.528,0.011
4400,-2058.4,48.8,-0.517,0.011
4380,-2009.6,49.0,-0.506,0.011
4360,-1960.6,49.1,-0.495,0.011
4340,-1911.5,49.2,-0.484,0.012
4320,-1862.3,49.3,-0.472,0.011
4300,-1813.0,49.4,-0.461,0.012
4280,-1763.6,49.6,-0.449,0.011
4260,-1714.0,49.7,-0.438,0.012
4240,-1664.3,49.8,-0.426,0.012
4220,-1614.5,50.0,-0.414,0.012
4200,-1564.5,50.2,-0.402,0.012
4180,-1514.3,50.2,-0.390,0.012
4160,-1464.1,50.4,-0.378,0.012
4140,-1413.7,50.5,-0.366,0.012
4120,-1363.2,50.5,-0.354,0.012
4100,-1312.7,50.8,-0.342,0.012
4080,-1261.9,50.9,-0.330,0.013
4060,-1211.0,51.0,-0.317,0.012
4040,-1160.0,51.2,-0.305,0.013
4020,-1108.8,51.3,-0.292,0.013
4000,-1057.5,51.4,-0.279,0.013
3980,-1006.1,51.6,-0.266,0.013
3960,-954.5,51.7,-0.253,0.013
3940,-902.8,51.9,-0.240,0.014
3920,-850.9,52.1,-0.226,0.013
3900,-798.8,52.2,-0.213,0.013
3880,-746.6,52.3,-0.200,0.014
3860,-694.3,52.5,-0.186,0.013
3840,-641.8,52.6,-0.173,0.014
3820,-589.2,52.8,-0.159,0.014
3800,-536.4,52.9,-0.145,0.014
3780,-483.5,53.1,-0.131,0.014
3760,-430.4,53.2,-0.117,0.014
3740,-377.2,53.4,-0.103,0.015
3720,-323.8,53.6,-0.088,0.014
3700,-270.2,53.7,-0.074,0.015
3680,-216.5,53.9,-0.059,0.014
3660,-162.6,54.0,-0.045,0.015
3640,-108.6,54.2,-0.030,0.015
3620,-54.4,54.4,-0.015,0.015
3600,0.0,54.5,0.000,0.015
3580,54.5,54.7,0.015,0.015
3560,109.2,54.9,0.030,0.016
3540,164.1,55.1,0.046,0.016
3520,219.2,55.2,0.062,0.015
3500,274.4,55.4,0.077,0.016
3480,329.8,55.5,0.093,0.016
3460,385.3,55.8,0.109,0.016
3440,441.1,55.9,0.125,0.017
3420,497.0,56.1,0.142,0.016
3400,553.1,28.2,0.158,0.008
3390,581.3,28.1,0.166,0.009
3380,609.4,28.2,0.175,0.008
3370,637.6,28.2,0.183,0.009
3360,665.8,28.3,0.192,0.008
3350,694.1,28.4,0.200,0.008
3340,722.5,28.4,0.208,0.009
3330,750.9,28.4,0.217,0.008
3320,779.3,28.5,0.225,0.009
3310,807.8,28.6,0.234,0.009
3300,836.4,28.6,0.243,0.008
3290,865.0,28.6,0.251,0.009
3280,893.6,28.7,0.260,0.009
3270,922.3,28.7,0.269,0.009
3260,951.0,28.8,0.278,0.008
3250,979.8,28.8,0.286,0.009
3240,1008.6,28.9,0.295,0.009
3230,1037.5,28.9,0.304,0.009
3220,1066.4,29.0,0.313,0.009
3210,1095.4,29.0,0.322,0.009
3200,1124.4,29.1,0.331,0.009
3190,1153.5,29.1,0.340,0.009
3180,1182.6,29.2,0.349,0.010
3170,1211.8,29.2,0.359,0.009
3160,1241.0,29.3,0.368,0.009
3150,1270.3,29.3,0.377,0.009
3140,1299.6,29.4,0.386,0.010
3130,1329.0,29.4,0.396,0.009
3120,1358.4,29.5,0.405,0.010
3110,1387.9,29.5,0.415,0.009
3100,1417.4,29.6,0.424,0.010
3090,1447.0,29.6,0.434,0.009
3080,1476.6,29.7,0.443,0.010
3070,1506.3,29.8,0.453,0.010
3060,1536.1,29.8,0.463,0.009
3050,1565.9,29.8,0.472,0.010
3040,1595.7,29.9,0.482,0.010
3030,1625.6,30.0,0.492,0.010
3020,1655.6,30.0,0.502,0.010
3010,1685.6,30.1,0.512,0.010
3000,1715.7,30.1,0.522,0.010
2990,1745.8,30.2,0.532,0.010
2980,1776.0,30.2,0.542,0.010
2970,1806.2,30.3,0.552,0.011
2960,1836.5,30.3,0.563,0.010
2950,1866.8,30.4,0.573,0.010
2940,1897.2,30.5,0.583,0.010
2930,1927.7,30.5,0.593,0.011
2920,1958.2,30.6,0.604,0.010
2910,1988.8,30.6,0.614,0.011
2900,2019.4,30.7,0.625,0.010
2890,2050.1,30.8,0.635,0.011
2880,2080.9,30.8,0.646,0.011
2870,2111.7,30.9,0.657,0.011
2860,2142.6,30.9,0.668,0.011
2850,2173.5,31.0,0.679,0.011
2840,2204.5,31.1,0.690,0.011
2830,2235.6,31.1,0.701,0.011
2820,2266.7,31.2,0.712,0.011
2810,2297.9,31.2,0.723,0.011
2800,2329.1,31.3,0.734,0.011
2790,2360.4,31.3,0.745,0.011
2780,2391.7,31.4,0.756,0.011
2770,2423.1,31.5,0.767,0.012
2760,2454.6,31.5,0.779,0.011
2750,2486.1,31.6,0.790,0.012
2740,2517.7,31.7,0.802,0.011
2730,2549.4,31.7,0.813,0.012
2720,2581.1,31.8,0.825,0.012
2710,2612.9,31.9,0.837,0.012
2700,2644.8,31.9,0.849,0.011
2690,2676.7,32.0,0.860,0.012
2680,2708.7,32.1,0.872,0.012
2670,2740.8,32.1,0.884,0.012
2660,2772.9,32.2,0.896,0.012
2650,2805.1,32.3,0.908,0.013
2640,2837.4,32.3,0.921,0.012
2630,2869.7,32.4,0.933,0.012
2620,2902.1,32.5,0.945,0.012
2610,2934.6,32.5,0.957,0.013
2600,2967.1,32.6,0.970,0.013
2590,2999.7,32.7,0.983,0.012
2580,3032.4,32.9,0.995,0.013
2570,3065.3,32.9,1.008,0.013
2560,3098.2,33.0,1.021,0.013
2550,3131.2,33.1,1.034,0.013
2540,3164.3,33.2,1.047,0.013
2530,3197.5,33.3,1.060,0.013
2520,3230.8,33.3,1.073,0.014
2510,3264.1,33.5,1.087,0.013
2500,3297.6,33.6,1.100,0.013
2490,3331.2,33.6,1.113,0.014
2480,3364.8,33.8,1.127,0.014
2470,3398.6,33.8,1.141,0.013
2460,3432.4,34.0,1.154,0.014
2450,3466.4,34.0,1.168,0.014
2440,3500.4,34.2,1.182,0.014
2430,3534.6,34.2,1.196,0.014
2420,3568.8,34.3,1.210,0.015
2410,3603.1,34.5,1.225,0.014
2400,3637.6,34.5,1.239,0.014
2390,3672.1,34.6,1.253,0.015
2380,3706.7,34.8,1.268,0.014
2370,3741.5,34.8,1.282,0.015
2360,3776.3,35.0,1.297,0.015
2350,3811.3,35.0,1.312,0.015
2340,3846.3,35.2,1.327,0.015
2330,3881.5,35.3,1.342,0.015
2320,3916.8,35.3,1.357,0.016
2310,3952.1,35.5,1.373,0.015
2300,3987.6,35.6,1.388,0.015
2290,4023.2,35.7,1.403,0.016
2280,4058.9,35.8,1.419,0.016
2270,4094.7,35.9,1.435,0.015
2260,4130.6,36.0,1.450,0.016
2250,4166.6,36.2,1.466,0.016
2240,4202.8,36.2,1.482,0.017
2230,4239.0,36.4,1.499,0.016
2220,4275.4,36.4,1.515,0.016
2210,4311.8,36.6,1.531,0.017
2200,4348.4,36.7,1.548,0.017
2190,4385.1,36.9,1.565,0.016
2180,4422.0,36.9,1.581,0.017
2170,4458.9,37.1,1.598,0.017
2160,4496.0,37.2,1.615,0.018
2150,4533.2,37.3,1.633,0.017
2140,4570.5,37.4,1.650,0.017
2130,4607.9,37.6,1.667,0.018
2120,4645.5,37.6,1.685,0.018
2110,4683.1,37.8,1.703,0.018
2100,4720.9,38.0,1.721,0.018
2090,4758.9,38.1,1.739,0.018
2080,4797.0,38.2,1.757,0.019
2070,4835.2,38.3,1.776,0.018
2060,4873.5,38.4,1.794,0.019
2050,4911.9,38.6,1.813,0.019
2040,4950.5,38.7,1.832,0.019
2030,4989.2,38.9,1.851,0.019
2020,5028.1,38.9,1.870,0.019
2010,5067.0,39.1,1.889,0.020
2000,5106.1,39.2,1.909,0.020
1990,5145.3,39.4,1.929,0.019
1980,5184.7,39.6,1.948,0.020
1970,5224.3,39.6,1.968,0.021
1960,5263.9,39.8,1.989,0.020
1950,5303.7,40.0,2.009,0.021
1940,5343.7,40.1,2.030,0.020
1930,5383.8,40.2,2.050,0.021
1920,5424.0,40.4,2.071,0.022
1910,5464.4,40.6,2.093,0.021
1900,5505.0,40.7,2.114,0.021
1890,5545.7,40.8,2.135,0.022
1880,5586.5,41.0,2.157,0.022
1870,5627.5,41.1,2.179,0.022
1860,5668.6,41.3,2.201,0.022
1850,5709.9,41.5,2.223,0.023
1840,5751.4,41.6,2.246,0.022
1830,5793.0,41.8,2.268,0.023
1820,5834.8,41.9,2.291,0.024
1810,5876.7,42.1,2.315,0.023
1800,5918.8,42.3,2.338,0.024
1790,5961.1,42.6,2.362,0.024
1780,6003.7,42.8,2.386,0.024
1770,6046.5,43.1,2.410,0.024
1760,6089.6,43.3,2.434,0.024
1750,6132.9,43.5,2.458,0.025
1740,6176.4,43.8,2.483,0.025
1730,6220.2,44.1,2.508,0.026
1720,6264.3,44.3,2.534,0.026
1710,6308.6,44.5,2.560,0.026
1700,6353.1,44.8,2.586,0.026
1690,6397.9,45.1,2.612,0.027
1680,6443.0,45.4,2.639,0.027
1670,6488.4,45.7,2.666,0.027
1660,6534.1,45.9,2.693,0.028
1650,6580.0,46.2,2.721,0.028
1640,6626.2,46.5,2.749,0.028
1630,6672.7,46.7,2.777,0.029
1620,6719.4,47.1,2.806,0.029
1610,6766.5,47.3,2.835,0.030
1600,6813.8,23.8,2.865,0.015
1595,6837.6,23.9,2.880,0.015
1590,6861.5,23.9,2.895,0.015
1585,6885.4,24.0,2.910,0.016
1580,6909.4,24.1,2.926,0.015
1575,6933.5,24.1,2.941,0.015
1570,6957.6,24.3,2.956,0.016
1565,6981.9,24.3,2.972,0.015
1560,7006.2,24.4,2.987,0.016
1555,7030.6,24.5,3.003,0.016
1550,7055.1,24.6,3.019,0.016
1545,7079.7,24.6,3.035,0.016
1540,7104.3,24.7,3.051,0.016
1535,7129.0,24.8,3.067,0.016
1530,7153.8,24.9,3.083,0.016
1525,7178.7,24.9,3.099,0.016
1520,7203.6,25.0,3.115,0.017
1515,7228.6,25.1,3.132,0.016
1510,7253.7,25.2,3.148,0.017
1505,7278.9,25.3,3.165,0.017
1500,7304.2,25.5,3.182,0.017
1495,7329.7,25.5,3.199,0.017
1490,7355.2,25.6,3.216,0.017
1485,7380.8,25.6,3.233,0.018
1480,7406.4,25.7,3.251,0.017
1475,7432.1,25.8,3.268,0.018
1470,7457.9,25.9,3.286,0.017
1465,7483.8,26.0,3.303,0.018
1460,7509.8,26.1,3.321,0.018
1455,7535.9,26.1,3.339,0.018
1450,7562.0,26.3,3.357,0.018
1445,7588.3,26.3,3.375,0.018
1440,7614.6,26.4,3.393,0.019
1435,7641.0,26.5,3.412,0.018
1430,7667.5,26.7,3.430,0.019
1425,7694.2,26.7,3.449,0.018
1420,7720.9,26.8,3.467,0.019
1415,7747.7,26.9,3.486,0.020
1410,7774.6,26.9,3.506,0.019
1405,7801.5,27.0,3.525,0.019
1400,7828.5,27.2,3.544,0.019
1395,7855.7,27.3,3.563,0.020
1390,7883.0,27.4,3.583,0.020
1385,7910.4,27.5,3.603,0.020
1380,7937.9,27.6,3.623,0.020
1375,7965.5,27.6,3.643,0.020
1370,7993.1,27.9,3.663,0.020
1365,8021.0,28.1,3.683,0.021
1360,8049.1,28.4,3.704,0.021
1355,8077.5,28.6,3.725,0.021
1350,8106.1,28.8,3.746,0.021
1345,8134.9,29.0,3.767,0.022
1340,8163.9,29.2,3.789,0.022
1335,8193.1,29.4,3.811,0.022
1330,8222.5,29.6,3.833,0.022
1325,8252.1,29.9,3.855,0.023
1320,8282.0,30.1,3.878,0.023
1315,8312.1,30.3,3.901,0.023
1310,8342.4,30.6,3.924,0.023
1305,8373.0,30.8,3.947,0.024
1300,8403.8,12.4,3.971,0.009
1298,8416.2,12.4,3.980,0.010
1296,8428.6,12.5,3.990,0.010
1294,8441.1,12.5,4.000,0.009
1292,8453.6,12.5,4.009,0.010
1290,8466.1,12.6,4.019,0.010
1288,8478.7,12.6,4.029,0.009
1286,8491.3,12.7,4.038,0.010
1284,8504.0,12.7,4.048,0.010
1282,8516.7,12.7,4.058,0.010
1280,8529.4,12.8,4.068,0.010
1278,8542.2,12.8,4.078,0.010
1276,8555.0,12.9,4.088,0.010
1274,8567.9,12.9,4.098,0.010
1272,8580.8,12.9,4.108,0.010
1270,8593.7,13.0,4.118,0.010
1268,8606.7,13.0,4.128,0.011
1266,8619.7,13.1,4.139,0.010
1264,8632.8,13.1,4.149,0.010
1262,8645.9,13.1,4.159,0.011
1260,8659.0,13.2,4.170,0.010
1258,8672.2,13.2,4.180,0.011
1256,8685.4,13.2,4.191,0.011
1254,8698.6,13.3,4.202,0.010
1252,8711.9,13.4,4.212,0.011
1250,8725.3,13.4,4.223,0.011
1248,8738.7,13.4,4.234,0.010
1246,8752.1,13.5,4.244,0.011
1244,8765.6,13.5,4.255,0.011
1242,8779.1,13.6,4.266,0.011
1240,8792.7,13.6,4.277,0.011
1238,8806.3,13.7,4.288,0.011
1236,8820.0,13.7,4.299,0.012
1234,8833.7,13.8,4.311,0.011
1232,8847.5,13.8,4.322,0.011
1230,8861.3,13.8,4.333,0.011
1228,8875.1,13.9,4.344,0.012
1226,8889.0,14.0,4.356,0.011
1224,8903.0,14.1,4.367,0.011
1222,8917.1,14.2,4.378,0.012
1220,8931.3,14.3,4.390,0.012
1218,8945.6,14.4,4.402,0.011
1216,8960.0,14.5,4.413,0.012
1214,8974.5,14.6,4.425,0.012
1212,8989.1,14.7,4.437,0.012
1210,9003.8,14.7,4.449,0.012
1208,9018.5,14.9,4.461,0.013
1206,9033.4,15.0,4.474,0.012
1204,9048.4,15.0,4.486,0.012
1202,9063.4,15.2,4.498,0.013
1200,9078.6,15.3,4.511,0.013
1198,9093.9,15.4,4.524,0.013
1196,9109.3,15.4,4.537,0.013
1194,9124.7,15.6,4.550,0.013
1192,9140.3,15.7,4.563,0.013
1190,9156.0,15.8,4.576,0.013
1188,9171.8,15.9,4.589,0.014
1186,9187.7,16.0,4.603,0.013
1184,9203.7,16.1,4.616,0.014
1182,9219.8,16.2,4.630,0.014
1180,9236.0,16.3,4.644,0.014
1178,9252.3,16.5,4.658,0.014
1176,9268.8,16.5,4.672,0.014
1174,9285.3,16.7,4.686,0.014
1172,9302.0,16.8,4.700,0.014
1170,9318.8,16.9,4.714,0.015
1168,9335.7,17.0,4.729,0.014
1166,9352.7,17.2,4.743,0.015
1164,9369.9,17.2,4.758,0.015
1162,9387.1,17.4,4.773,0.015
1160,9404.5,17.5,4.788,0.015
1158,9422.0,17.6,4.803,0.016
1156,9439.6,17.7,4.819,0.015
1154,9457.3,17.9,4.834,0.015
1152,9475.2,18.0,4.849,0.016
1150,9493.2,18.1,4.865,0.016
1148,9511.3,18.2,4.881,0.016
1146,9529.5,18.4,4.897,0.016
1144,9547.9,18.5,4.913,0.016
1142,9566.4,18.6,4.929,0.016
1140,9585.0,18.7,4.945,0.017
1138,9603.7,18.9,4.962,0.016
1136,9622.6,19.0,4.978,0.017
1134,9641.6,19.2,4.995,0.017
1132,9660.8,19.3,5.012,0.017
1130,9680.1,19.4,5.029,0.017
1128,9699.5,19.6,5.046,0.017
1126,9719.1,19.7,5.063,0.018
1124,9738.8,19.8,5.081,0.017
1122,9758.6,20.0,5.098,0.018
1120,9778.6,20.1,5.116,0.018
1118,9798.7,20.3,5.134,0.018
1116,9819.0,20.4,5.152,0.019
1114,9839.4,20.6,5.171,0.018
1112,9860.0,20.7,5.189,0.019
1110,9880.7,20.9,5.208,0.019
1108,9901.6,21.0,5.227,0.019
1106,9922.6,21.2,5.246,0.019
1104,9943.8,21.3,5.265,0.019
1102,9965.1,21.5,5.284,0.020
1100,9986.6,10.8,5.304,0.010
1099,9997.4,10.9,5.314,0.010
1098,10008.3,10.9,5.324,0.009
1097,10019.2,10.9,5.333,0.010
1096,10030.1,10.9,5.343,0.010
1095,10041.0,11.0,5.353,0.010
1094,10052.0,11.0,5.363,0.011
1093,10063.0,11.1,5.374,0.010
1092,10074.1,11.1,5.384,0.010
1091,10085.2,11.2,5.394,0.010
1090,10096.4,11.2,5.404,0.010
1089,10107.6,11.2,5.414,0.011
1088,10118.8,11.3,5.425,0.010
1087,10130.1,11.3,5.435,0.010
1086,10141.4,11.3,5.445,0.011
1085,10152.7,11.4,5.456,0.010
1084,10164.1,11.5,5.466,0.011
1083,10175.6,11.5,5.477,0.011
1082,10187.1,11.5,5.488,0.010
1081,10198.6,11.6,5.498,0.011
1080,10210.2,11.6,5.509,0.011
1079,10221.8,11.7,5.520,0.011
1078,10233.5,11.7,5.531,0.010
1077,10245.2,11.8,5.541,0.011
1076,10257.0,11.8,5.552,0.011
1075,10268.8,11.8,5.563,0.011
1074,10280.6,11.9,5.574,0.012
1073,10292.5,11.9,5.586,0.011
1072,10304.4,12.0,5.597,0.011
1071,10316.4,12.0,5.608,0.011
1070,10328.4,12.1,5.619,0.011
1069,10340.5,12.1,5.630,0.012
1068,10352.6,12.1,5.642,0.011
1067,10364.7,12.2,5.653,0.011
1066,10376.9,12.3,5.664,0.012
1065,10389.2,12.3,5.676,0.011
1064,10401.5,12.3,5.687,0.012
1063,10413.8,12.4,5.699,0.011
1062,10426.2,12.4,5.710,0.012
1061,10438.6,12.5,5.722,0.012
1060,10451.1,12.5,5.734,0.012
1059,10463.6,12.6,5.746,0.012
1058,10476.2,12.6,5.758,0.012
1057,10488.8,12.7,5.770,0.012
1056,10501.5,12.7,5.782,0.012
1055,10514.2,12.8,5.794,0.012
1054,10527.0,12.8,5.806,0.012
1053,10539.8,12.8,5.818,0.012
1052,10552.6,12.9,5.830,0.013
1051,10565.5,13.0,5.843,0.012
1050,10578.5,13.0,5.855,0.012
1049,10591.5,13.0,5.867,0.013
1048,10604.5,13.1,5.880,0.012
1047,10617.6,13.2,5.892,0.013
1046,10630.8,13.2,5.905,0.012
1045,10644.0,13.2,5.917,0.013
1044,10657.2,13.3,5.930,0.012
1043,10670.5,13.4,5.942,0.013
1042,10683.9,13.4,5.955,0.013
1041,10697.3,13.5,5.968,0.013
1040,10710.8,13.5,5.981,0.013
1039,10724.3,13.6,5.994,0.013
1038,10737.9,13.6,6.007,0.013
1037,10751.5,13.7,6.020,0.013
1036,10765.2,13.8,6.033,0.014
1035,10779.0,13.8,6.047,0.013
1034,10792.8,13.8,6.060,0.013
1033,10806.6,13.9,6.073,0.014
1032,10820.5,13.9,6.087,0.013
1031,10834.4,14.0,6.100,0.014
1030,10848.4,14.0,6.114,0.014
1029,10862.4,14.1,6.128,0.013
1028,10876.5,14.2,6.141,0.014
1027,10890.7,14.2,6.155,0.014
1026,10904.9,14.2,6.169,0.014
1025,10919.1,14.3,6.183,0.014
1024,10933.4,14.4,6.197,0.014
1023,10947.8,14.4,6.211,0.015
1022,10962.2,14.5,6.226,0.014
1021,10976.7,14.6,6.240,0.014
1020,10991.3,14.6,6.254,0.014
1019,11005.9,14.7,6.268,0.015
1018,11020.6,14.7,6.283,0.014
1017,11035.3,14.8,6.297,0.014
1016,11050.1,14.8,6.311,0.015
1015,11064.9,14.9,6.326,0.015
1014,11079.8,15.0,6.341,0.014
1013,11094.8,15.0,6.355,0.015
1012,11109.8,15.1,6.370,0.015
1011,11124.9,15.1,6.385,0.015
1010,11140.0,15.2,6.400,0.015
1009,11155.2,15.2,6.415,0.015
1008,11170.4,15.3,6.430,0.015
1007,11185.7,15.4,6.445,0.016
1006,11201.1,15.4,6.461,0.015
1005,11216.5,15.5,6.476,0.015
1004,11232.0,15.6,6.491,0.016
1003,11247.6,15.6,6.507,0.015
1002,11263.2,15.7,6.522,0.016
1001,11278.9,15.8,6.538,0.016
1000,11294.7,15.8,6.554,0.016
999,11310.5,15.9,6.570,0.016
998,11326.4,16.0,6.586,0.016
997,11342.4,16.0,6.602,0.016
996,11358.4,16.1,6.618,0.016
995,11374.5,16.1,6.634,0.016
994,11390.6,16.2,6.650,0.017
993,11406.8,16.3,6.667,0.016
992,11423.1,16.3,6.683,0.016
991,11439.4,16.4,6.699,0.017
990,11455.8,16.5,6.716,0.017
989,11472.3,16.5,6.733,0.016
988,11488.8,16.6,6.749,0.017
987,11505.4,16.6,6.766,0.017
986,11522.0,16.7,6.783,0.017
985,11538.7,16.8,6.800,0.017
984,11555.5,16.9,6.817,0.017
983,11572.4,16.9,6.834,0.017
982,11589.3,17.0,6.851,0.018
981,11606.3,17.1,6.869,0.017
980,11623.4,17.2,6.886,0.017
979,11640.6,17.2,6.903,0.018
978,11657.8,17.3,6.921,0.018
977,11675.1,17.3,6.939,0.018
976,11692.4,17.4,6.957,0.017
975,11709.8,17.5,6.974,0.018
974,11727.3,17.6,6.992,0.018
973,11744.9,17.7,7.010,0.019
972,11762.6,17.7,7.029,0.018
971,11780.3,17.8,7.047,0.018
970,11798.1,17.9,7.065,0.019
969,11816.0,18.0,7.084,0.018
968,11834.0,18.0,7.102,0.019
967,11852.0,18.0,7.121,0.019
966,11870.0,18.1,7.140,0.018
965,11888.1,18.1,7.158,0.019
964,11906.2,18.1,7.177,0.019
963,11924.3,18.2,7.196,0.019
962,11942.5,18.2,7.215,0.019
961,11960.7,18.3,7.234,0.019
960,11979.0,18.3,7.253,0.019
959,11997.3,18.3,7.272,0.019
958,12015.6,18.4,7.291,0.019
957,12034.0,18.4,7.310,0.019
956,12052.4,18.4,7.329,0.020
955,12070.8,18.5,7.349,0.019
954,12089.3,18.6,7.368,0.019
953,12107.9,18.5,7.387,0.020
952,12126.4,18.6,7.407,0.019
951,12145.0,18.7,7.426,0.020
950,12163.7,18.7,7.446,0.020
949,12182.4,18.7,7.466,0.019
948,12201.1,18.8,7.485,0.020
947,12219.9,18.8,7.505,0.020
946,12238.7,18.8,7.525,0.020
945,12257.5,18.9,7.545,0.020
944,12276.4,19.0,7.565,0.020
943,12295.4,18.9,7.585,0.021
942,12314.3,19.0,7.606,0.020
941,12333.3,19.1,7.626,0.020
940,12352.4,19.1,7.646,0.020
939,12371.5,19.1,7.666,0.021
938,12390.6,19.2,7.687,0.020
937,12409.8,19.2,7.707,0.021
936,12429.0,19.2,7.728,0.020
935,12448.2,19.3,7.748,0.021
934,12467.5,19.3,7.769,0.020
933,12486.8,19.4,7.789,0.021
932,12506.2,19.4,7.810,0.021
931,12525.6,19.5,7.831,0.021
930,12545.1,19.5,7.852,0.021
929,12564.6,19.6,7.873,0.021
928,12584.2,19.6,7.894,0.021
927,12603.8,19.6,7.915,0.021
926,12623.4,19.7,7.936,0.022
925,12643.1,19.7,7.958,0.021
924,12662.8,19.8,7.979,0.021
923,12682.6,19.8,8.000,0.022
922,12702.4,19.8,8.022,0.021
921,12722.2,19.9,8.043,0.022
920,12742.1,19.9,8.065,0.022
919,12762.0,20.0,8.087,0.021
918,12782.0,20.0,8.108,0.022
917,12802.0,20.0,8.130,0.022
916,12822.0,20.1,8.152,0.022
915,12842.1,20.2,8.174,0.022
914,12862.3,20.2,8.196,0.022
913,12882.5,20.2,8.218,0.023
912,12902.7,20.3,8.241,0.022
911,12923.0,20.3,8.263,0.022
910,12943.3,20.4,8.285,0.022
909,12963.7,20.4,8.307,0.023
908,12984.1,20.4,8.330,0.022
907,13004.5,20.5,8.352,0.023
906,13025.0,20.6,8.375,0.022
905,13045.6,20.6,8.397,0.023
904,13066.2,20.6,8.420,0.023
903,13086.8,20.7,8.443,0.023
902,13107.5,20.7,8.466,0.023
901,13128.2,20.8,8.489,0.023
900,13149.0,20.8,8.512,0.023
899,13169.8,20.9,8.535,0.023
898,13190.7,20.9,8.558,0.024
897,13211.6,21.0,8.582,0.023
896,13232.6,21.0,8.605,0.023
895,13253.6,21.1,8.628,0.024
894,13274.7,21.1,8.652,0.023
893,13295.8,21.1,8.675,0.024
892,13316.9,21.2,8.699,0.024
891,13338.1,21.3,8.723,0.024
890,13359.4,21.3,8.747,0.024
889,13380.7,21.3,8.771,0.024
888,13402.0,21.4,8.795,0.024
887,13423.4,21.5,8.819,0.024
886,13444.9,21.5,8.843,0.025
885,13466.4,21.5,8.868,0.024
884,13487.9,21.6,8.892,0.024
883,13509.5,21.6,8.916,0.025
882,13531.1,21.7,8.941,0.024
881,13552.8,21.7,8.965,0.025
880,13574.5,21.8,8.990,0.025
879,13596.3,21.8,9.015,0.025
878,13618.1,21.9,9.040,0.025
877,13640.0,21.9,9.065,0.025
876,13661.9,22.0,9.090,0.025
875,13683.9,22.0,9.115,0.025
874,13705.9,22.1,9.140,0.026
873,13728.0,22.1,9.166,0.025
872,13750.1,22.2,9.191,0.025
871,13772.3,22.2,9.216,0.026
870,13794.5,22.3,9.242,0.026
869,13816.8,22.3,9.268,0.025
868,13839.1,22.4,9.293,0.026
867,13861.5,22.4,9.319,0.026
866,13883.9,22.5,9.345,0.026
865,13906.4,22.6,9.371,0.026
864,13929.0,22.6,9.397,0.026
863,13951.6,22.6,9.423,0.026
862,13974.2,22.7,9.449,0.026
861,13996.9,22.8,9.475,0.027
860,14019.7,22.8,9.502,0.027
859,14042.5,22.9,9.529,0.026
858,14065.4,22.9,9.555,0.027
857,14088.3,23.0,9.582,0.027
856,14111.3,23.0,9.609,0.027
855,14134.3,23.1,9.636,0.027
854,14157.4,23.1,9.663,0.027
853,14180.5,23.2,9.690,0.027
852,14203.7,23.2,9.717,0.028
851,14226.9,23.3,9.745,0.027
850,14250.2,23.3,9.772,0.027
849,14273.5,23.4,9.799,0.028
848,14296.9,23.5,9.827,0.028
847,14320.4,23.5,9.855,0.027
846,14343.9,23.6,9.882,0.028
845,14367.5,23.6,9.910,0.028
844,14391.1,23.7,9.938,0.028
843,14414.8,23.7,9.966,0.028
842,14438.5,23.8,9.994,0.029
841,14462.3,23.9,10.023,0.028
840,14486.2,23.9,10.051,0.028
839,14510.1,23.9,10.079,0.029
838,14534.0,24.0,10.108,0.028
837,14558.0,24.1,10.136,0.029
836,14582.1,24.1,10.165,0.029
835,14606.2,24.2,10.194,0.029
834,14630.4,24.3,10.223,0.029
833,14654.7,24.3,10.252,0.029
832,14679.0,24.4,10.281,0.030
831,14703.4,24.4,10.311,0.029
830,14727.8,24.5,10.340,0.029
829,14752.3,24.5,10.369,0.030
828,14776.8,24.6,10.399,0.030
827,14801.4,24.7,10.429,0.030
826,14826.1,24.7,10.459,0.030
825,14850.8,24.8,10.489,0.030
824,14875.6,24.9,10.519,0.030
823,14900.5,24.9,10.549,0.030
822,14925.4,25.0,10.579,0.030
821,14950.4,25.0,10.609,0.031
820,14975.4,25.1,10.640,0.031
819,15000.5,25.1,10.671,0.030
818,15025.6,25.2,10.701,0.031
817,15050.8,25.3,10.732,0.031
816,15076.1,25.4,10.763,0.032
815,15101.5,25.4,10.795,0.031
814,15126.9,25.5,10.826,0.031
813,15152.4,25.5,10.857,0.032
812,15177.9,25.6,10.889,0.031
811,15203.5,25.6,10.920,0.032
810,15229.1,25.7,10.952,0.032
809,15254.8,25.8,10.984,0.032
808,15280.6,25.8,11.016,0.032
807,15306.4,25.9,11.048,0.032
806,15332.3,26.0,11.080,0.032
805,15358.3,26.0,11.112,0.032
804,15384.3,26.1,11.144,0.033
803,15410.4,26.2,11.177,0.032
802,15436.6,26.2,11.209,0.033
801,15462.8,26.3,11.242,0.033
800,15489.1,26.4,11.275,0.033
799,15515.5,26.4,11.308,0.033
798,15541.9,26.5,11.341,0.033
797,15568.4,26.5,11.374,0.033
796,15594.9,26.6,11.407,0.034
795,15621.5,26.7,11.441,0.033
794,15648.2,26.8,11.474,0.034
793,15675.0,26.8,11.508,0.034
792,15701.8,26.9,11.542,0.034
791,15728.7,26.9,11.576,0.034
790,15755.6,27.1,11.610,0.034
789,15782.7,27.1,11.644,0.035
788,15809.8,27.1,11.679,0.034
787,15836.9,27.2,11.713,0.035
786,15864.1,27.2,11.748,0.034
785,15891.3,27.3,11.782,0.035
784,15918.6,27.3,11.817,0.035
783,15945.9,27.3,11.852,0.035
782,15973.2,27.4,11.887,0.035
781,16000.6,27.4,11.922,0.035
780,16028.0,27.4,11.957,0.035
779,16055.4,27.5,11.992,0.035
778,16082.9,27.5,12.027,0.036
777,16110.4,27.5,12.063,0.035
776,16137.9,27.6,12.098,0.035
775,16165.5,27.6,12.133,0.036
774,16193.1,27.6,12.169,0.036
773,16220.7,27.7,12.205,0.036
772,16248.4,27.7,12.241,0.036
771,16276.1,27.8,12.277,0.036
770,16303.9,27.8,12.313,0.036
769,16331.7,27.8,12.349,0.037
768,16359.5,27.9,12.386,0.036
767,16387.4,27.9,12.422,0.036
766,16415.3,27.9,12.458,0.037
765,16443.2,28.0,12.495,0.037
764,16471.2,28.0,12.532,0.036
763,16499.2,28.1,12.568,0.037
762,16527.3,28.1,12.605,0.037
761,16555.4,28.1,12.642,0.037
760,16583.5,28.1,12.679,0.037
759,16611.6,28.2,12.716,0.037
758,16639.8,28.2,12.753,0.038
757,16668.0,28.3,12.791,0.037
756,16696.3,28.3,12.828,0.037
755,16724.6,28.3,12.865,0.038
754,16752.9,28.4,12.903,0.038
753,16781.3,28.4,12.941,0.037
752,16809.7,28.5,12.978,0.038
751,16838.2,28.5,13.016,0.038
750,16866.7,28.5,13.054,0.038
749,16895.2,28.6,13.092,0.038
748,16923.8,28.6,13.130,0.038
747,16952.4,28.7,13.168,0.039
746,16981.1,28.7,13.207,0.038
745,17009.8,28.7,13.245,0.039
744,17038.5,28.8,13.284,0.038
743,17067.3,28.8,13.322,0.039
742,17096.1,28.8,13.361,0.039
741,17124.9,28.9,13.400,0.039
740,17153.8,28.9,13.439,0.039
739,17182.7,29.0,13.478,0.039
738,17211.7,29.0,13.517,0.040
737,17240.7,29.0,13.557,0.039
736,17269.7,29.1,13.596,0.039
735,17298.8,29.1,13.635,0.040
734,17327.9,29.1,13.675,0.040
733,17357.0,29.2,13.715,0.040
732,17386.2,29.2,13.755,0.040
731,17415.4,29.3,13.795,0.040
730,17444.7,29.3,13.835,0.040
729,17474.0,29.3,13.875,0.041
728,17503.3,29.4,13.916,0.040
727,17532.7,29.5,13.956,0.040
726,17562.2,29.5,13.996,0.041
725,17591.7,29.5,14.037,0.041
724,17621.2,29.5,14.078,0.041
723,17650.7,29.6,14.119,0.041
722,17680.3,29.7,14.160,0.041
721,17710.0,29.7,14.201,0.041
720,17739.7,29.8,14.242,0.041
719,17769.5,29.8,14.283,0.042
718,17799.3,29.8,14.325,0.041
717,17829.1,29.9,14.366,0.042
716,17859.0,29.9,14.408,0.041
715,17888.9,30.0,14.449,0.042
714,17918.9,30.0,14.491,0.042
713,17948.9,30.0,14.533,0.043
712,17978.9,30.1,14.576,0.042
711,18009.0,30.1,14.618,0.042
710,18039.1,30.1,14.660,0.042
709,18069.2,30.1,14.702,0.043
708,18099.3,30.2,14.745,0.043
707,18129.5,30.3,14.788,0.042
706,18159.8,30.3,14.830,0.043
705,18190.1,30.3,14.873,0.043
704,18220.4,30.4,14.916,0.043
703,18250.8,30.4,14.959,0.044
702,18281.2,30.5,15.003,0.043
701,18311.7,30.5,15.046,0.044
700,18342.2,30.6,15.090,0.044
699,18372.8,30.6,15.134,0.043
698,18403.4,30.6,15.177,0.044
697,18434.0,30.7,15.221,0.045
696,18464.7,30.8,15.266,0.044
695,18495.5,30.8,15.310,0.044
694,18526.3,30.8,15.354,0.045
693,18557.1,30.9,15.399,0.044
692,18588.0,30.9,15.443,0.045
691,18618.9,31.0,15.488,0.045
690,18649.9,31.0,15.533,0.045
689,18680.9,31.0,15.578,0.045
688,18711.9,31.1,15.623,0.046
687,18743.0,31.1,15.669,0.045
686,18774.1,31.2,15.714,0.045
685,18805.3,31.3,15.759,0.046
684,18836.6,31.3,15.805,0.046
683,18867.9,31.3,15.851,0.046
682,18899.2,31.4,15.897,0.046
681,18930.6,31.4,15.943,0.046
680,18962.0,31.5,15.989,0.046
679,18993.5,31.5,16.035,0.047
678,19025.0,31.6,16.082,0.046
677,19056.6,31.6,16.128,0.047
676,19088.2,31.7,16.175,0.046
675,19119.9,31.7,16.221,0.047
674,19151.6,31.7,16.268,0.048
673,19183.3,31.8,16.316,0.047
672,19215.1,31.9,16.363,0.047
671,19247.0,31.9,16.410,0.048
670,19278.9,31.9,16.458,0.048
669,19310.8,32.0,16.506,0.048
668,19342.8,32.0,16.554,0.048
667,19374.8,32.1,16.602,0.048
666,19406.9,32.1,16.650,0.048
665,19439.0,32.2,16.698,0.049
664,19471.2,32.2,16.747,0.048
663,19503.4,32.3,16.795,0.049
662,19535.7,32.3,16.844,0.049
661,19568.0,32.4,16.893,0.049
660,19600.4,32.4,16.942,0.049
659,19632.8,32.5,16.991,0.049
658,19665.3,32.5,17.040,0.050
657,19697.8,32.6,17.090,0.049
656,19730.4,32.6,17.139,0.050
655,19763.0,32.7,17.189,0.050
654,19795.7,32.7,17.239,0.050
653,19828.4,32.8,17.289,0.050
652,19861.2,32.8,17.339,0.050
651,19894.0,32.9,17.389,0.051
650,19926.9,32.9,17.440,0.051
649,19959.8,33.0,17.491,0.051
648,19992.8,33.0,17.542,0.051
647,20025.8,33.1,17.593,0.051
646,20058.9,33.1,17.644,0.052
645,20092.0,33.2,17.696,0.051
644,20125.2,33.3,17.747,0.052
643,20158.5,33.3,17.799,0.052
642,20191.8,33.3,17.851,0.052
641,20225.1,33.4,17.903,0.052
640,20258.5,33.4,17.955,0.052
639,20291.9,33.5,18.007,0.053
638,20325.4,33.6,18.060,0.052
637,20359.0,33.6,18.112,0.053
636,20392.6,33.6,18.165,0.053
635,20426.2,33.7,18.218,0.053
634,20459.9,33.8,18.271,0.053
633,20493.7,33.8,18.324,0.054
632,20527.5,33.9,18.378,0.053
631,20561.4,33.9,18.431,0.054
630,20595.3,34.0,18.485,0.054
629,20629.3,34.0,18.539,0.054
628,20663.3,34.1,18.593,0.054
627,20697.4,34.1,18.647,0.054
626,20731.5,34.2,18.701,0.055
625,20765.7,34.3,18.756,0.055
624,20800.0,34.3,18.811,0.055
623,20834.3,34.3,18.866,0.055
622,20868.6,34.4,18.921,0.055
621,20903.0,34.5,18.976,0.056
620,20937.5,34.5,19.032,0.056
619,20972.0,34.6,19.088,0.056
618,21006.6,34.6,19.144,0.056
617,21041.2,34.7,19.200,0.056
616,21075.9,34.7,19.256,0.057
615,21110.6,34.8,19.313,0.056
614,21145.4,34.9,19.369,0.057
613,21180.3,34.9,19.426,0.057
612,21215.2,35.0,19.483,0.058
611,21250.2,35.0,19.541,0.057
610,21285.2,35.1,19.598,0.057
609,21320.3,35.1,19.655,0.058
608,21355.4,35.2,19.713,0.058
607,21390.6,35.3,19.771,0.058
606,21425.9,35.3,19.829,0.058
605,21461.2,35.4,19.887,0.059
604,21496.6,35.4,19.946,0.059
603,21532.0,35.5,20.005,0.059
602,21567.5,35.6,20.064,0.059
601,21603.1,35.6,20.123,0.059
600,21638.7,35.7,20.182,0.059
599,21674.4,35.7,20.241,0.060
598,21710.1,35.8,20.301,0.060
597,21745.9,35.8,20.361,0.060
596,21781.7,35.9,20.421,0.060
595,21817.6,36.0,20.481,0.061
594,21853.6,36.0,20.542,0.061
593,21889.6,36.1,20.603,0.061
592,21925.7,36.2,20.664,0.061
591,21961.9,36.2,20.725,0.061
590,21998.1,36.3,20.786,0.061
589,22034.4,36.3,20.847,0.062
588,22070.7,36.4,20.909,0.062
587,22107.1,36.4,20.971,0.062
586,22143.5,36.5,21.033,0.063
585,22180.0,36.6,21.096,0.062
584,22216.6,36.7,21.158,0.063
583,22253.3,36.7,21.221,0.063
582,22290.0,36.8,21.284,0.063
581,22326.8,36.8,21.347,0.064
580,22363.6,36.9,21.411,0.064
579,22400.5,37.0,21.475,0.064
578,22437.5,37.0,21.539,0.064
577,22474.5,37.1,21.603,0.064
576,22511.6,37.1,21.667,0.065
575,22548.7,37.2,21.732,0.064
574,22585.9,37.3,21.796,0.065
573,22623.2,37.4,21.861,0.066
572,22660.6,37.4,21.927,0.065
571,22698.0,37.5,21.992,0.066
570,22735.5,37.6,22.058,0.066
569,22773.1,37.6,22.124,0.066
568,22810.7,37.7,22.190,0.067
567,22848.4,37.7,22.257,0.066
566,22886.1,37.9,22.323,0.067
565,22924.0,37.9,22.390,0.067
564,22961.9,37.9,22.457,0.068
563,22999.8,38.0,22.525,0.067
562,23037.8,38.1,22.592,0.068
561,23075.9,38.2,22.660,0.068
560,23114.1,38.2,22.728,0.068
559,23152.3,38.3,22.796,0.069
558,23190.6,38.3,22.865,0.069
557,23228.9,38.4,22.934,0.069
556,23267.3,38.5,23.003,0.069
555,23305.8,38.6,23.072,0.069
554,23344.4,38.7,23.141,0.070
553,23383.1,38.7,23.211,0.070
552,23421.8,38.7,23.281,0.070
551,23460.5,38.9,23.351,0.071
550,23499.4,38.9,23.422,0.071
549,23538.3,39.0,23.493,0.071
548,23577.3,39.1,23.564,0.071
547,23616.4,39.1,23.635,0.072
546,23655.5,39.2,23.707,0.072
545,23694.7,39.3,23.779,0.072
544,23734.0,39.3,23.851,0.072
543,23773.3,39.4,23.923,0.073
542,23812.7,39.5,23.996,0.073
541,23852.2,39.6,24.069,0.073
540,23891.8,39.6,24.142,0.073
539,23931.4,39.7,24.215,0.074
538,23971.1,39.8,24.289,0.074
537,24010.9,39.9,24.363,0.074
536,24050.8,39.9,24.437,0.075
535,24090.7,40.0,24.512,0.075
534,24130.7,40.1,24.587,0.075
533,24170.8,40.1,24.662,0.075
532,24210.9,40.3,24.737,0.076
531,24251.2,40.3,24.813,0.076
530,24291.5,40.4,24.889,0.076
529,24331.9,40.5,24.965,0.077
528,24372.4,40.5,25.042,0.077
527,24412.9,40.6,25.119,0.077
526,24453.5,40.7,25.196,0.077
525,24494.2,40.8,25.273,0.078
524,24535.0,40.9,25.351,0.078
523,24575.9,40.9,25.429,0.078
522,24616.8,41.0,25.507,0.079
521,24657.8,41.1,25.586,0.079
520,24698.9,41.1,25.665,0.079
519,24740.0,41.2,25.744,0.080
518,24781.2,41.3,25.824,0.080
517,24822.5,41.4,25.904,0.080
516,24863.9,41.5,25.984,0.081
515,24905.4,41.5,26.065,0.081
514,24946.9,41.7,26.146,0.081
513,24988.6,41.7,26.227,0.081
512,25030.3,41.8,26.308,0.082
511,25072.1,41.9,26.390,0.082
510,25114.0,42.0,26.472,0.082
509,25156.0,42.0,26.554,0.083
508,25198.0,42.2,26.637,0.083
507,25240.2,42.2,26.720,0.083
506,25282.4,42.3,26.803,0.084
505,25324.7,42.4,26.887,0.084
504,25367.1,42.5,26.971,0.084
503,25409.6,42.6,27.055,0.085
502,25452.2,42.7,27.140,0.085
501,25494.9,42.7,27.225,0.085
500,25537.6,42.8,27.310,0.086
499,25580.4,42.9,27.396,0.086
498,25623.3,43.0,27.482,0.086
497,25666.3,43.0,27.568,0.087
496,25709.3,43.2,27.655,0.087
495,25752.5,43.2,27.742,0.088
494,25795.7,43.4,27.830,0.088
493,25839.1,43.4,27.918,0.088
492,25882.5,43.5,28.006,0.088
491,25926.0,43.6,28.094,0.089
490,25969.6,43.7,28.183,0.089
489,26013.3,43.8,28.272,0.090
488,26057.1,43.8,28.362,0.090
487,26100.9,44.0,28.452,0.090
486,26144.9,44.0,28.542,0.091
485,26188.9,44.2,28.633,0.091
484,26233.1,44.2,28.724,0.091
483,26277.3,44.4,28.815,0.092
482,26321.7,44.4,28.907,0.092
481,26366.1,44.5,28.999,0.093
480,26410.6,44.6,29.092,0.093
479,26455.2,44.7,29.185,0.093
478,26499.9,44.7,29.278,0.094
477,26544.6,44.9,29.372,0.094
476,26589.5,45.0,29.466,0.095
475,26634.5,45.0,29.561,0.095
474,26679.5,45.2,29.656,0.095
473,26724.7,45.3,29.751,0.096
472,26770.0,45.3,29.847,0.096
471,26815.3,45.5,29.943,0.097
470,26860.8,45.5,30.040,0.097
469,26906.3,45.7,30.137,0.098
468,26952.0,45.7,30.235,0.098
467,26997.7,45.9,30.333,0.098
466,27043.6,45.9,30.431,0.099
465,27089.5,46.0,30.530,0.099
464,27135.5,46.2,30.629,0.100
463,27181.7,46.2,30.729,0.100
462,27227.9,46.4,30.829,0.100
461,27274.3,46.4,30.929,0.101
460,27320.7,46.5,31.030,0.101
459,27367.2,46.7,31.131,0.102
458,27413.9,46.7,31.233,0.102
457,27460.6,46.8,31.335,0.103
456,27507.4,47.0,31.438,0.103
455,27554.4,47.0,31.541,0.103
454,27601.4,47.2,31.644,0.104
453,27648.6,47.2,31.748,0.105
452,27695.8,47.4,31.853,0.105
451,27743.2,47.5,31.958,0.105
450,27790.7,47.6,32.063,0.106
449,27838.3,47.6,32.169,0.106
448,27885.9,47.8,32.275,0.107
447,27933.7,47.9,32.382,0.107
446,27981.6,48.0,32.489,0.108
445,28029.6,48.1,32.597,0.108
444,28077.7,48.2,32.705,0.109
443,28125.9,48.4,32.814,0.109
442,28174.3,48.4,32.923,0.110
441,28222.7,48.6,33.033,0.110
440,28271.3,48.7,33.143,0.111
439,28320.0,48.7,33.254,0.111
438,28368.7,48.9,33.365,0.112
437,28417.6,49.0,33.477,0.112
436,28466.6,49.1,33.589,0.113
435,28515.7,49.3,33.702,0.113
434,28565.0,49.3,33.815,0.114
433,28614.3,49.4,33.929,0.114
432,28663.7,49.6,34.043,0.115
431,28713.3,49.7,34.158,0.115
430,28763.0,49.8,34.273,0.116
429,28812.8,49.8,34.389,0.116
428,28862.6,50.0,34.505,0.117
427,28912.6,50.2,34.622,0.118
426,28962.8,50.2,34.740,0.118
425,29013.0,50.4,34.858,0.119
424,29063.4,50.5,34.977,0.119
423,29113.9,50.6,35.096,0.120
422,29164.5,50.7,35.216,0.120
421,29215.2,50.9,35.336,0.121
420,29266.1,51.0,35.457,0.122
419,29317.1,51.1,35.579,0.122
418,29368.2,51.2,35.701,0.123
417,29419.4,51.3,35.824,0.123
416,29470.7,51.5,35.947,0.124
415,29522.2,51.6,36.071,0.124
414,29573.8,51.8,36.195,0.125
413,29625.6,51.8,36.320,0.126
412,29677.4,52.0,36.446,0.126
411,29729.4,52.1,36.572,0.127
410,29781.5,52.2,36.699,0.128
409,29833.7,52.3,36.827,0.128
408,29886.0,52.5,36.955,0.129
407,29938.5,52.6,37.084,0.129
406,29991.1,52.7,37.213,0.130
405,30043.8,52.9,37.343,0.131
404,30096.7,53.0,37.474,0.131
403,30149.7,53.1,37.605,0.132
402,30202.8,53.3,37.737,0.133
401,30256.1,53.4,37.870,0.133
400,30309.5,53.5,38.003,0.134
399,30363.0,53.7,38.137,0.135
398,30416.7,53.8,38.272,0.135
397,30470.5,53.9,38.407,0.136
396,30524.4,54.1,38.543,0.137
395,30578.5,54.2,38.680,0.138
394,30632.7,54.3,38.818,0.138
393,30687.0,54.5,38.956,0.139
392,30741.5,54.6,39.095,0.139
391,30796.1,54.8,39.234,0.140
390,30850.9,54.9,39.374,0.141
389,30905.8,55.1,39.515,0.142
388,30960.9,55.2,39.657,0.142
387,31016.1,55.3,39.799,0.143
386,31071.4,55.5,39.942,0.144
385,31126.9,55.6,40.086,0.145
384,31182.5,55.7,40.231,0.145
383,31238.2,55.9,40.376,0.146
382,31294.1,56.1,40.522,0.147
381,31350.2,56.2,40.669,0.148
380,31406.4,56.3,40.817,0.149
379,31462.7,56.5,40.966,0.149
378,31519.2,56.7,41.115,0.150
377,31575.9,56.8,41.265,0.151
376,31632.7,56.9,41.416,0.152
375,31689.6,57.1,41.568,0.152
374,31746.7,57.3,41.720,0.153
373,31804.0,57.4,41.873,0.154
372,31861.4,57.6,42.027,0.155
371,31919.0,57.7,42.182,0.156
370,31976.7,57.9,42.338,0.157
369,32034.6,58.0,42.495,0.157
368,32092.6,58.2,42.652,0.158
367,32150.8,58.3,42.810,0.159
366,32209.1,58.5,42.969,0.160
365,32267.6,58.7,43.129,0.161
364,32326.3,58.8,43.290,0.162
363,32385.1,59.0,43.452,0.163
362,32444.1,59.2,43.615,0.163
361,32503.3,59.3,43.778,0.165
360,32562.6,59.5,43.943,0.165
359,32622.1,59.7,44.108,0.167
358,32681.8,59.8,44.275,0.167
357,32741.6,60.0,44.442,0.168
356,32801.6,60.2,44.610,0.170
355,32861.8,60.3,44.780,0.170
354,32922.1,60.5,44.950,0.171
353,32982.6,60.7,45.121,0.172
352,33043.3,60.8,45.293,0.173
351,33104.1,61.0,45.466,0.174
350,33165.1,61.2,45.640,0.175
349,33226.3,61.4,45.815,0.176
348,33287.7,61.5,45.991,0.177
347,33349.2,61.7,46.168,0.178
346,33410.9,61.9,46.346,0.180
345,33472.8,62.1,46.526,0.180
344,33534.9,62.3,46.706,0.181
343,33597.2,62.4,46.887,0.182
342,33659.6,62.6,47.069,0.184
341,33722.2,62.8,47.253,0.184
340,33785.0,63.0,47.437,0.185
339,33848.0,63.2,47.622,0.187
338,33911.2,63.3,47.809,0.188
337,33974.5,63.5,47.997,0.189
336,34038.0,63.8,48.186,0.190
335,34101.8,63.9,48.376,0.191
334,34165.7,64.2,48.567,0.192
333,34229.9,64.3,48.759,0.194
332,34294.2,64.5,48.953,0.194
331,34358.7,64.7,49.147,0.196
330,34423.4,64.9,49.343,0.197
329,34488.3,65.1,49.540,0.198
328,34553.4,65.3,49.738,0.199
327,34618.7,65.5,49.937,0.201
326,34684.2,65.7,50.138,0.202
325,34749.9,66.0,50.340,0.203
324,34815.9,66.1,50.543,0.204
323,34882.0,66.3,50.747,0.206
322,34948.3,66.5,50.953,0.207
321,35014.8,66.7,51.160,0.208
320,35081.5,66.9,51.368,0.209
319,35148.4,67.2,51.577,0.211
318,35215.6,67.3,51.788,0.212
317,35282.9,67.6,52.000,0.214
316,35350.5,67.8,52.214,0.215
315,35418.3,68.0,52.429,0.216
314,35486.3,68.2,52.645,0.218
313,35554.5,68.4,52.863,0.219
312,35622.9,68.6,53.082,0.220
311,35691.5,68.9,53.302,0.222
310,35760.4,69.1,53.524,0.223
309,35829.5,69.3,53.747,0.225
308,35898.8,69.5,53.972,0.226
307,35968.3,69.8,54.198,0.228
306,36038.1,70.0,54.426,0.229
305,36108.1,70.2,54.655,0.231
304,36178.3,70.5,54.886,0.232
303,36248.8,70.7,55.118,0.234
302,36319.5,70.9,55.352,0.235
301,36390.4,71.2,55.587,0.237
300,36461.6,71.4,55.824,0.238
299,36533.0,71.7,56.062,0.240
298,36604.7,71.9,56.302,0.242
297,36676.6,72.1,56.544,0.243
296,36748.7,72.4,56.787,0.245
295,36821.1,72.6,57.032,0.247
294,36893.7,72.8,57.279,0.248
293,36966.5,73.1,57.527,0.250
292,37039.6,73.4,57.777,0.252
291,37113.0,73.6,58.029,0.253
290,37186.6,73.9,58.282,0.255
289,37260.5,74.1,58.537,0.257
288,37334.6,74.4,58.794,0.258
287,37409.0,74.6,59.052,0.261
286,37483.6,74.9,59.313,0.262
285,37558.5,75.2,59.575,0.264
284,37633.7,75.4,59.839,0.266
283,37709.1,75.7,60.105,0.268
282,37784.8,76.0,60.373,0.270
281,37860.8,76.2,60.643,0.272
280,37937.0,76.5,60.915,0.274
279,38013.5,76.8,61.189,0.276
278,38090.3,77.0,61.465,0.277
277,38167.3,77.4,61.742,0.280
276,38244.7,77.6,62.022,0.282
275,38322.3,77.9,62.304,0.284
274,38400.2,78.2,62.588,0.286
273,38478.4,78.5,62.874,0.288
272,38556.9,78.7,63.162,0.290
271,38635.6,79.1,63.452,0.292
270,38714.7,79.4,63.744,0.294
269,38794.1,79.6,64.038,0.297
268,38873.7,80.0,64.335,0.299
267,38953.7,80.2,64.634,0.301
266,39033.9,80.6,64.935,0.303
265,39114.5,80.8,65.238,0.306
264,39195.3,81.2,65.544,0.308
263,39276.5,81.4,65.852,0.310
262,39357.9,81.8,66.162,0.313
261,39439.7,82.1,66.475,0.315
260,39521.8,82.4,66.790,0.318
259,39604.2,82.7,67.108,0.320
258,39686.9,83.1,67.428,0.322
257,39770.0,83.4,67.750,0.325
256,39853.4,83.7,68.075,0.328
255,39937.1,84.0,68.403,0.330
254,40021.1,84.3,68.733,0.333
253,40105.4,84.7,69.066,0.335
252,40190.1,85.0,69.401,0.338
251,40275.1,85.4,69.739,0.341
250,40360.5,85.7,70.080,0.344
249,40446.2,86.1,70.424,0.346
248,40532.3,86.4,70.770,0.350
247,40618.7,86.8,71.120,0.352
246,40705.5,87.1,71.472,0.354
245,40792.6,87.4,71.826,0.358
244,40880.0,87.8,72.184,0.361
243,40967.8,88.2,72.545,0.363
242,41056.0,88.6,72.908,0.367
241,41144.6,88.9,73.275,0.369
240,41233.5,89.3,73.644,0.372
239,41322.8,89.7,74.016,0.376
238,41412.5,90.0,74.392,0.379
237,41502.5,90.4,74.771,0.382
236,41592.9,90.8,75.153,0.385
235,41683.7,91.2,75.538,0.389
234,41774.9,91.6,75.927,0.392
233,41866.5,92.0,76.319,0.396
232,41958.5,92.4,76.715,0.399
231,42050.9,92.8,77.114,0.403
230,42143.7,93.2,77.517,0.406
229,42236.9,93.7,77.923,0.410
228,42330.6,94.0,78.333,0.413
227,42424.6,94.5,78.746,0.417
226,42519.1,94.8,79.163,0.421
225,42613.9,95.1,79.584,0.425
224,42709.0,95.6,80.009,0.428
223,42804.6,96.1,80.437,0.432
222,42900.7,96.5,80.869,0.436
221,42997.2,97.0,81.305,0.440
220,43094.2,97.4,81.745,0.444
219,43191.6,97.9,82.189,0.448
218,43289.5,98.4,82.637,0.452
217,43387.9,98.8,83.089,0.456
216,43486.7,99.2,83.545,0.461
215,43585.9,99.7,84.006,0.465
214,43685.6,100.2,84.471,0.469
213,43785.8,100.6,84.940,0.473
212,43886.4,101.1,85.413,0.478
211,43987.5,101.6,85.891,0.483
210,44089.1,102.1,86.374,0.487
209,44191.2,102.5,86.861,0.492
208,44293.7,103.1,87.353,0.496
207,44396.8,103.5,87.849,0.501
206,44500.3,104.1,88.350,0.507
205,44604.4,104.5,88.857,0.511
204,44708.9,105.1,89.368,0.517
203,44814.0,105.6,89.885,0.521
202,44919.6,106.1,90.406,0.527
201,45025.7,106.7,90.933,0.532
200,45132.4,107.2,91.465,0.537
199,45239.6,107.2,92.002,0.537
198,45346.8,107.2,92.539,0.537
197,45454.0,107.2,93.076,0.537
196,45561.2,107.2,93.613,0.537
195,45668.4,107.2,94.150,0.537
194,45775.6,107.2,94.687,0.537
193,45882.8,107.2,95.224,0.537
192,45990.0,107.2,95.761,0.537
191,46097.2,107.2,96.298,0.537
190,46204.4,107.2,96.835,0.537
189,46311.6,107.2,97.372,0.537
188,46418.8,107.2,97.909,0.537
187,46526.0,107.2,98.446,0.537
186,46633.2,107.2,98.983,0.537
185,46740.4,107.2,99.520,0.537
184,46847.6,107.2,100.057,0.537
183,46954.8,107.2,100.594,0.537
182,47062.0,107.2,101.131,0.537
181,47169.2,107.2,101.668,0.537
180,47276.4,107.2,102.205,0.537
179,47383.6,107.2,102.742,0.537
178,47490.8,107.2,103.279,0.537
177,47598.0,107.2,103.816,0.537
176,47705.2,107.2,104.353,0.537
175,47812.4,107.2,104.890,0.537
174,47919.6,107.2,105.427,0.537
173,48026.8,107.2,105.964,0.537
172,48134.0,107.2,106.501,0.537
171,48241.2,107.2,107.038,0.537
170,48348.4,107.2,107.575,0.537
169,48455.6,107.2,108.112,0.537
168,48562.8,107.2,108.649,0.537
167,48670.0,107.2,109.186,0.537
166,48777.2,107.2,109.723,0.537
165,48884.4,107.2,110.260,0.537
164,48991.6,107.2,110.797,0.537
163,49098.8,107.2,111.334,0.537
162,49206.0,107.2,111.871,0.537
161,49313.2,107.2,112.408,0.537
160,49420.4,107.2,112.945,0.537
159,49527.6,107.2,113.482,0.537
158,49634.8,107.2,114.019,0.537
157,49742.0,107.2,114.556,0.537
156,49849.2,107.2,115.093,0.537
155,49956.4,107.2,115.630,0.537
154,50063.6,107.2,116.167,0.537
153,50170.8,107.2,116.704,0.537
152,50278.0,107.2,117.241,0.537
151,50385.2,107.2,117.778,0.537
150,50492.4,107.2,118.315,0.537
149,50599.6,107.2,118.852,0.537
148,50706.8,107.2,119.389,0.537
147,50814.0,107.2,119.926,0.537
146,50921.2,107.2,120.463,0.537
145,51028.4,107.2,121.000,0.537
144,51135.6,107.2,121.537,0.537
143,51242.8,107.2,122.074,0.537
142,51350.0,107.2,122.611,0.537
141,51457.2,107.2,123.148,0.537
140,51564.4,107.2,123.685,0.537
139,51671.6,107.2,124.222,0.537
138,51778.8,107.2,124.759,0.537
137,51886.0,107.2,125.296,0.537
136,51993.2,107.2,125.833,0.537
135,52100.4,107.2,126.370,0.537
134,52207.6,107.2,126.907,0.537
133,52314.8,107.2,127.444,0.537
132,52422.0,107.2,127.981,0.537
131,52529.2,107.2,128.518,0.537
130,52636.4,107.2,129.055,0.537
129,52743.6,107.2,129.592,0.537
128,52850.8,107.2,130.129,0.537
127,52958.0,107.2,130.666,0.537
126,53065.2,107.2,131.203,0.537
125,53172.4,107.2,131.740,0.537
124,53279.6,107.2,132.277,0.537
123,53386.8,107.2,132.814,0.537
122,53494.0,107.2,133.351,0.537
121,53601.2,107.2,133.888,0.537
120,53708.4,107.2,134.425,0.537
119,53815.6,107.2,134.962,0.537
118,53922.8,107.2,135.499,0.537
117,54030.0,107.2,136.036,0.537
116,54137.2,107.2,136.573,0.537
115,54244.4,107.2,137.110,0.537
114,54351.6,107.2,137.647,0.537
113,54458.8,107.2,138.184,0.537
112,54566.0,107.2,138.721,0.537
111,54673.2,107.2,139.258,0.537
110,54780.4,107.2,139.795,0.537
109,54887.6,107.2,140.332,0.537
108,54994.8,107.2,140.869,0.537
107,55102.0,107.2,141.406,0.537
106,55209.2,107.2,141.943,0.537
105,55316.4,107.2,142.480,0.537
104,55423.6,107.2,143.017,0.537
103,55530.8,107.2,143.554,0.537
102,55638.0,107.2,144.091,0.537
101,55745.2,107.2,144.628,0.537
100,55852.4,107.2,145.165,0.537
